Run,Index,profit,load,attitude,quality
1,0,-0.0,0.0,0.0,-0.0
1,1,-0.0,0.0,0.0,-0.0
1,2,-0.0,0.0,0.0,-0.0
1,3,-0.0,0.0,0.0,-0.0
1,4,-0.0,0.0,0.0,-0.0
1,5,-177.0,6389.84,1279.145187949848,-177.2485577721445
1,6,-157.0,6026.24,1436.2770304253047,-192.07343664670066
1,7,-50.0,475.6,67.76644521705452,-27.459340703719487
1,8,-37.0,14.64,0.0,-32.484645365120485
1,9,-31.0,0.56,0.0,-42.16519026427477
1,10,-39.0,47.84000000000001,35.77174171046191,-44.68901258235708
1,11,-47.0,32.4,69.95771414218736,-31.07963570378685
1,12,-191.0,842.1600000000001,1977.9531461121082,-207.70029085245412
1,13,-202.0,1556.56,1628.7637589048795,-178.5389806477834
1,14,-181.0,1142.4,1586.2889937643795,-233.6289399742997
1,15,-217.0,2178.5600000000004,1578.0829106357623,-233.45567751368608
1,16,-38.0,39.040000000000006,26.460666223661114,-25.879941768310346
1,17,-39.0,152.8,109.34725510687687,-24.386890281992166
1,18,-173.0,3154.1600000000003,1264.4402253854737,-196.61923755871354
1,19,-30.0,109.36000000000001,80.10113788205508,-40.67981506276843
1,20,-44.0,47.84000000000001,113.7621807357001,-44.24516214047458
1,21,-164.0,623.6,1682.758590532298,-192.48578265099616
1,22,-43.0,36.0,127.61805237402982,-43.536293399354136
1,23,-145.0,321.36,840.5422062356812,-135.09577795249987
1,24,-0.0,0.0,0.0,-0.0
1,25,-0.0,0.0,0.0,-0.0
1,26,-121.0,6071.84,723.6130581177819,-170.40769967657872
1,27,-217.0,1479.3600000000001,1796.374488384592,-217.370591383914
1,28,-33.0,45.839999999999996,0.0,-29.16107413052459
1,29,-156.0,4451.76,1238.345397144365,-198.3203973682094
1,30,-164.0,650.96,1562.4680608214503,-183.74741443594704
1,31,-137.0,5325.4400000000005,819.2816729542519,-177.42981156538514
1,32,-199.0,1866.2400000000002,1493.621581831512,-199.8060808601459
1,33,-144.0,5563.2,948.3767419852136,-204.1828401147357
1,34,-180.0,2887.04,1472.5599429605463,-174.5247536199731
1,35,-194.0,2636.5600000000004,1397.2797260385648,-159.44016392319432
1,36,-43.0,229.76,81.45101840191796,-48.11783546415201
1,37,-139.0,4165.2,560.5741556606904,-138.34368925316718
1,38,-175.0,2252.2400000000002,1443.452547009399,-203.57098024628652
1,39,-153.0,3952.9600000000005,1107.358725278671,-182.63419543845856
1,40,-178.0,1316.16,1194.6317468222137,-180.79778912367524
1,41,-36.0,119.76000000000002,26.113284454468765,-43.044729973203296
1,42,-63.0,2040.9599999999998,410.5638876582978,-107.98690385991972
1,43,-132.0,2513.6,686.2667616158762,-119.89230141252385
1,44,-57.0,86.16,187.38095939547256,-35.57161596550099
1,45,-126.0,3051.3599999999997,768.43537241928,-127.74173452812744
1,46,-160.0,3112.64,1424.5787450159246,-207.05329887724469
1,47,-151.0,1692.0,1021.0571675010933,-161.2557079771294
1,48,-103.0,856.64,718.3284411787358,-128.798486922677
1,49,-37.0,81.44000000000001,44.97643428507867,-32.49220330876668
1,50,-141.0,3955.3599999999997,933.5623745546031,-146.16876334900937
1,51,-52.0,81.04,107.98515877211715,-65.67374747056523
1,52,-163.0,505.43999999999994,1326.9060305536248,-178.91632886101485
1,53,-116.0,2784.24,751.2229764974566,-154.4625966524146
1,54,-84.0,1139.3600000000001,457.52756776897144,-111.08414266414916
1,55,-147.0,3489.04,945.0453645043668,-188.8883127185692
1,56,-67.0,2114.8,270.905563625981,-79.62284917343607
1,57,-97.0,1518.9599999999998,468.79857497319995,-116.19542743533567
1,58,-148.0,3378.16,1271.6116304806735,-182.2776629838067
1,59,-136.0,3177.04,967.9029542160985,-170.8005446120576
1,60,-114.0,2423.76,730.4028952112241,-156.31247687451943
1,61,-109.0,3325.7599999999998,594.2473369393377,-101.00007350517545
1,62,-161.0,1360.16,1087.296491142318,-175.06207650164134
1,63,-194.0,2636.5600000000004,1409.5532764729874,-166.24776635814297
1,64,-54.0,76.64000000000001,99.1012426614528,-50.97250982397715
1,65,-132.0,2146.56,913.1363504932827,-149.86072172104394
1,66,-159.0,2192.96,1290.5949619956623,-188.92236247164286
1,67,-118.0,913.36,881.8350113014225,-135.79850963498475
1,68,-72.0,176.56,234.4208209990782,-76.32187801131971
1,69,-155.0,2192.2400000000002,1002.5159593756229,-167.87573351746062
1,70,-83.0,1530.64,499.30403546587985,-119.2500589916346
1,71,-61.0,48.64000000000001,314.6896150663563,-55.81234501028781
1,72,-143.0,3152.56,1062.3121851778442,-179.79023701014052
1,73,-102.0,3604.2400000000002,601.7292876481378,-123.68375159440123
1,74,-156.0,973.4399999999998,1210.8464415148783,-163.43883647019314
1,75,-159.0,899.8399999999999,1296.8659241471694,-184.13805583650546
1,76,-111.0,1723.44,862.2079931507283,-154.61570161360518
1,77,-107.0,406.16,405.7108805185255,-107.87255543873886
1,78,-94.0,463.03999999999996,354.37757013775655,-65.35808429956886
1,79,-136.0,1267.44,877.405737324114,-140.04871752257978
1,80,-86.0,129.84,450.282332720872,-96.97493458959457
1,81,-66.0,341.44000000000005,134.78047765841683,-86.02111205225867
1,82,-72.0,1046.96,384.3071882755068,-93.1305835087278
1,83,-79.0,3804.1600000000008,384.77076488323587,-107.95813378820645
1,84,-88.0,299.76,545.364431379138,-85.7787545999264
1,85,-91.0,526.9599999999999,373.3416797179551,-87.94874697415673
1,86,-130.0,1063.76,876.1266320642239,-141.51514310183597
1,87,-120.0,2286.2400000000007,575.220622441493,-98.43000421345661
1,88,-73.0,722.1600000000001,323.5592376614231,-86.22071443735996
1,89,-100.0,2805.04,534.8450486031908,-132.30102764585126
1,90,-75.0,1746.6399999999999,327.73030697162426,-99.41994445436649
1,91,-128.0,594.5600000000001,911.5862325699134,-132.6890883092267
1,92,-86.0,435.43999999999994,363.4359459762576,-70.75162162301605
1,93,-92.0,234.56,536.7278531594593,-58.67734312309261
1,94,-101.0,226.64000000000001,665.7584176978938,-87.27476649288428
1,95,-53.0,101.76000000000002,173.39951332008584,-57.243325529689145
1,96,-92.0,148.64,627.791040944066,-104.11909823004189
1,97,-97.0,343.76000000000005,564.0258473774041,-91.08986610786138
1,98,-128.0,3102.16,786.343320134076,-145.2517190433675
1,99,-80.0,1585.0399999999995,278.34884672269254,-84.14019253904635
2,0,-11.0,106.16000000000001,0.0,-29.571484837359165
2,1,-0.0,0.0,0.0,-0.0
2,2,-295.0,6911.039999999999,2558.2337591411697,-326.12475680939167
2,3,-267.0,8715.439999999999,2287.2885171762437,-274.86353013690166
2,4,-0.0,0.0,0.0,-0.0
2,5,-17.0,157.04000000000002,69.94566029425985,-27.545118828001915
2,6,-298.0,5506.960000000001,2317.525067704138,-310.9741767419534
2,7,-298.0,3115.7599999999998,2360.9004780751957,-359.4196175359948
2,8,-70.0,641.8399999999999,459.21313566622234,-93.18463931470842
2,9,-267.0,5204.5599999999995,2257.455111436185,-330.02383079190344
2,10,-56.0,160.24,429.4798887511597,-72.64078861724215
2,11,-252.0,498.15999999999997,1997.5254730990173,-308.20910662019077
2,12,-84.0,15.839999999999998,528.8124581769418,-91.2281299858324
2,13,-275.0,650.8,2358.2425381052185,-287.11487918071276
2,14,-208.0,743.6,1845.3108267265732,-254.55147449259164
2,15,-32.0,210.16000000000003,270.3455994013771,-58.8094763623366
2,16,-52.0,81.03999999999999,131.97438389502446,-39.30928233440947
2,17,-49.0,129.2,126.61251771539192,-44.635080300783876
2,18,-257.0,2187.6,2021.8952792222724,-288.7200988332879
2,19,-0.0,0.0,0.0,-0.0
2,20,-0.0,0.0,0.0,-0.0
2,21,-172.0,8269.359999999999,1426.0544180402114,-233.93883231509147
2,22,-301.0,1592.96,2818.0223416134672,-342.5288227103276
2,23,-285.0,2176.2400000000002,2532.9860640468164,-348.76910258978376
2,24,-254.0,6307.4400000000005,1940.7297881916354,-284.78326541294916
2,25,-230.0,427.76000000000005,1951.2971971124505,-244.42570133303394
2,26,-266.0,3106.16,2101.2453651628284,-316.00093192392103
2,27,-272.0,3788.16,2280.1464941429604,-290.40079404962734
2,28,-97.0,258.64,380.1420104379099,-89.54967340025692
2,29,-291.0,3504.4,2678.96875265208,-330.6900257866843
2,30,-298.0,5506.960000000001,2461.614605041597,-340.0797676127463
2,31,-220.0,2077.84,1756.7149832971922,-257.030764762445
2,32,-106.0,6146.24,579.2666415749055,-98.83868622206128
2,33,-73.0,2496.4,522.0676375172714,-112.05934235229199
2,34,-102.0,3940.6399999999994,669.2350662163512,-130.86073728769568
2,35,-284.0,3399.2,2404.281105932854,-341.63259024831154
2,36,-21.0,84.0,0.0,-18.380353112473987
2,37,-242.0,2342.96,1779.323034568882,-292.6013911352847
2,38,-64.0,1303.8399999999997,317.7904375090741,-53.26163530266332
2,39,-30.0,164.64,53.572941724344396,-37.98502294202409
2,40,-7.0,40.96000000000001,0.0,-9.849560076874043
2,41,-202.0,651.76,1831.9591914594394,-182.27717735491544
2,42,-48.0,218.95999999999998,201.16267556176376,-78.61105817588216
2,43,-15.0,279.44,6.006900365413097,-29.209697176514027
2,44,-296.0,3480.56,2718.134096085495,-334.4548979921207
2,45,-208.0,4681.04,1352.199365939906,-226.12645837461193
2,46,-288.0,5249.36,2275.6023673604145,-318.33121465966815
2,47,-249.0,4049.04,1805.406845228613,-278.74049334220734
2,48,-93.0,1188.56,477.72529086277984,-105.99499908261006
2,49,-269.0,1379.76,2402.6611539999785,-298.22387897079085
2,50,-214.0,5850.16,1517.6273844124435,-267.971168604012
2,51,-134.0,5179.76,913.8504861275853,-171.3052346786368
2,52,-48.0,511.03999999999996,173.92513462262792,-46.41206549798615
2,53,-164.0,1700.64,1216.9752612294951,-237.72448659641654
2,54,-131.0,4913.040000000001,718.513131316502,-124.35819461082544
2,55,-81.0,807.04,343.9122271799843,-100.64963435111062
2,56,-261.0,501.84,2141.587031210675,-305.1952433333121
2,57,-173.0,5930.240000000001,1069.5899178718917,-188.82045831830868
2,58,-113.0,1885.8400000000001,721.4362675851006,-111.17436440843203
2,59,-161.0,4370.24,1048.5587511548244,-213.77737249308282
2,60,-192.0,4404.16,1154.916582571537,-225.52477834777537
2,61,-88.0,934.5599999999998,479.70557013626745,-104.22936196593504
2,62,-152.0,566.5600000000002,1459.679385669654,-197.6961529101244
2,63,-38.0,639.44,141.96246373268323,-64.91429178754426
2,64,-84.0,2614.0,546.1763356431094,-120.47151743297765
2,65,-265.0,390.8,2151.479181141499,-268.9988833268495
2,66,-41.0,747.8399999999999,106.8387728867941,-31.045469421012776
2,67,-142.0,2818.8,1032.4312438027416,-149.77101030607446
2,68,-130.0,2596.56,821.2439507589083,-154.45290172674447
2,69,-57.0,1738.1600000000003,232.21849875783687,-64.08021333777835
2,70,-191.0,2271.76,1302.3389101418775,-168.42529167941217
2,71,-198.0,1525.3600000000001,1621.7809588354667,-232.69036896156626
2,72,-125.0,1313.84,1118.2620227175496,-158.50945598133106
2,73,-190.0,1657.6,1571.0338091222902,-221.2637827749388
2,74,-187.0,1841.2,1332.078021057409,-208.98747573361265
2,75,-181.0,2419.76,1498.121254909512,-243.62094562321244
2,76,-180.0,1606.9600000000003,1237.3623516568748,-205.8518563445536
2,77,-120.0,1791.36,863.4771053076638,-161.53918773324978
2,78,-226.0,4378.64,1698.3269274259078,-266.1614939901253
2,79,-229.0,2956.16,1721.8097466577785,-234.44707516083605
2,80,-195.0,1063.6,1376.900619668683,-179.08162254851558
2,81,-28.0,683.44,28.915251458657508,-33.893075614598416
2,82,-299.0,1341.44,2582.9601130893907,-317.95893444311145
2,83,-215.0,4618.5599999999995,1539.260920944421,-273.6299712411371
2,84,-301.0,1991.7600000000002,2321.7931522425542,-310.22191770938036
2,85,-58.0,2314.6400000000003,306.884596770672,-72.33448986510024
2,86,-96.0,1443.6,620.636558032104,-117.7866449264271
2,87,-62.0,772.2399999999999,239.27751734448174,-70.61846613464549
2,88,-142.0,4051.44,951.6888796056193,-139.21609338687242
2,89,-149.0,1762.9599999999998,1082.690851552441,-191.81234961338308
2,90,-288.0,4352.0,2475.7461706302875,-323.416524409971
2,91,-171.0,1562.64,1395.5031053626324,-230.56170608558466
2,92,-119.0,1707.6,785.3280963432575,-130.2680743778702
2,93,-108.0,1957.36,612.065807763539,-127.04408259230217
2,94,-177.0,1147.76,1552.0158425968204,-195.51404570226896
2,95,-143.0,5038.16,1024.7543053761044,-142.08172765263123
2,96,-136.0,4212.96,1018.5000786990521,-140.9961660213458
2,97,-220.0,662.16,1675.8404340014326,-198.66065523340265
2,98,-119.0,1049.04,885.9978278821219,-138.69053669217342
2,99,-297.0,2173.6,2501.0116565599583,-328.4922355584802
3,0,-0.0,0.0,0.0,-0.0
3,1,-0.0,0.0,0.0,-0.0
3,2,-0.0,0.0,0.0,-0.0
3,3,-0.0,0.0,0.0,-0.0
3,4,-0.0,0.0,0.0,-0.0
3,5,-206.0,3601.3599999999997,1654.249430030875,-222.38724557988778
3,6,-207.0,2310.16,1915.517078081206,-209.038929851439
3,7,-191.0,2250.96,1715.8211702493834,-245.46799124583404
3,8,-28.0,112.0,54.445762828708716,-34.48849060658945
3,9,-22.0,109.6,80.13342346986056,-27.487550138790134
3,10,-197.0,311.44,1806.154820664902,-233.81296071301384
3,11,-212.0,605.84,1753.943050108168,-223.57239615794418
3,12,-191.0,295.6,1895.0533526365803,-228.65435762896158
3,13,-34.0,54.160000000000004,194.92377115704568,-45.11941008646456
3,14,-119.0,258.15999999999997,1032.3435592773735,-150.41789634880988
3,15,-25.0,25.2,0.0,-33.56900931185675
3,16,-31.0,307.44,17.690718300849177,-18.386675944536073
3,17,-23.0,24.24,0.0,-34.41971249337238
3,18,-202.0,6262.64,1621.1712779774614,-198.78031411133776
3,19,-158.0,12185.76,1128.0991800869351,-180.08455651868294
3,20,-239.0,1969.44,2332.6612625604494,-224.66389938304576
3,21,-28.0,39.6,69.7460145456355,-43.03757083907212
3,22,-226.0,2325.04,2166.302383797519,-252.8568552371753
3,23,-213.0,1257.04,2098.6266642907135,-263.7823973734805
3,24,-32.0,76.24,78.46593814515953,-37.95979513094082
3,25,-0.0,0.0,0.0,-0.0
3,26,-0.0,0.0,0.0,-0.0
3,27,-228.0,2128.2400000000002,2172.751346521713,-215.52706548306998
3,28,-216.0,1407.44,1693.2401988251374,-247.90413517252344
3,29,-230.0,3218.16,1875.0226684218494,-238.46956478707918
3,30,-149.0,11941.36,946.6264474118008,-173.5805908312892
3,31,-152.0,9034.64,1041.8344738140925,-189.98790988612416
3,32,-186.0,8141.76,1538.7241808407857,-244.43604331004278
3,33,-7.0,46.239999999999995,0.0,-4.1951599335060115
3,34,-182.0,6849.039999999999,1356.9567489409,-192.49128605055213
3,35,-145.0,10665.2,927.7031069118992,-151.7512433551524
3,36,-42.0,324.4,97.59431715472047,-50.75334212150875
3,37,-150.0,11058.64,940.6673923842576,-166.97753722358053
3,38,-217.0,3157.04,1806.415524654148,-223.37087114546313
3,39,-28.0,103.84,0.0,-26.759909950291075
3,40,-146.0,8709.759999999998,878.8106704369394,-139.79933357185502
3,41,-164.0,5781.6,1093.9018065243563,-169.15816565111695
3,42,-159.0,2552.56,959.4259030780369,-176.70246879038814
3,43,-24.0,69.36,0.0,-26.877220358014107
3,44,-64.0,3804.4,289.2859776552483,-80.11684967315989
3,45,-76.0,4762.639999999999,417.6315682875453,-110.87270077372663
3,46,-125.0,6089.04,604.7514558419447,-120.93471136678474
3,47,-173.0,2909.2,1148.4270671911231,-193.6308808762621
3,48,-179.0,1787.8400000000001,1444.1737491770918,-203.29641189465315
3,49,-46.0,149.2,146.14987010941113,-61.45333762071424
3,50,-209.0,974.5600000000001,1650.9174589145946,-202.66299882372113
3,51,-104.0,3318.56,531.0389582691053,-96.47032892372476
3,52,-171.0,524.5600000000001,1778.48381612843,-227.73775799123652
3,53,-113.0,6357.2,557.9484026025558,-125.10904338503333
3,54,-160.0,1699.7599999999998,1332.167053590604,-208.18253786082607
3,55,-135.0,5694.959999999999,673.300517207043,-128.1560260341741
3,56,-52.0,769.0400000000001,238.3870108577696,-78.9511745083747
3,57,-36.0,644.56,46.14817201477398,-38.23691408652304
3,58,-50.0,561.04,184.4759130064167,-67.0881233011479
3,59,-201.0,4118.5599999999995,1595.1718304491783,-218.1000457877654
3,60,-140.0,2149.04,849.8279430996114,-121.54028252898416
3,61,-196.0,3096.96,1388.0538159034488,-200.98287900621193
3,62,-32.0,273.44,130.86433522025322,-45.16797700681836
3,63,-95.0,4385.4400000000005,456.7226479766342,-107.42973319387899
3,64,-168.0,2335.76,1262.9174464004793,-190.73352506505802
3,65,-167.0,119.04,1207.8116636162256,-200.17345723655612
3,66,-135.0,5389.84,682.9621889591009,-152.59306112361838
3,67,-131.0,2776.16,652.4247246311658,-137.6599130298306
3,68,-170.0,6516.24,1177.0777164706471,-215.15897819698492
3,69,-84.0,876.1599999999999,392.7392370910635,-89.52059523299808
3,70,-214.0,785.84,1862.9858279777,-246.6562163272887
3,71,-102.0,1635.3600000000001,513.5899239867971,-101.72499630215827
3,72,-59.0,2060.0,338.0747815104587,-97.99805596260448
3,73,-198.0,3516.6400000000003,1672.1600606362917,-210.5353634230273
3,74,-116.0,5080.24,769.2384633252666,-145.64761631733114
3,75,-109.0,1309.44,632.6836838986702,-109.73870052806687
3,76,-120.0,3512.6399999999994,907.4138798450913,-163.18023324568108
3,77,-67.0,1088.56,353.92167275286255,-80.01816925580597
3,78,-181.0,2230.1600000000003,1615.013589755374,-230.12256327356067
3,79,-127.0,4210.96,906.2043052696133,-154.98362949921307
3,80,-91.0,1179.2,562.1172097524586,-85.48044728506979
3,81,-191.0,137.35999999999999,1535.0796470402033,-214.46326619022386
3,82,-99.0,4951.76,772.921842034204,-143.8616920494792
3,83,-86.0,1194.1599999999999,483.8193839322974,-119.3866138513045
3,84,-83.0,2397.04,470.1188437850499,-114.72546144766548
3,85,-121.0,2485.3599999999997,772.504400683411,-134.5880252579714
3,86,-117.0,1870.1600000000003,805.2133693700523,-150.11277598144483
3,87,-73.0,55.36,204.0014879833183,-72.29376957376546
3,88,-72.0,658.16,390.51334433163726,-75.58143554004798
3,89,-34.0,173.04000000000002,66.91081402135234,-32.6120516345297
3,90,-144.0,1370.96,1015.5443540063133,-212.56920835051565
3,91,-62.0,3988.96,442.03138988852896,-105.27244151891317
3,92,-151.0,10748.56,1056.238062711058,-190.59151322860254
3,93,-75.0,1278.9600000000003,334.0009760588768,-83.0137177123002
3,94,-187.0,2959.36,1480.5647677589607,-203.170980301965
3,95,-172.0,2064.56,1478.1693080550847,-234.2835424051075
3,96,-93.0,568.64,705.2395501736966,-112.76827426499798
3,97,-155.0,2667.44,945.3608211329048,-154.53242273945776
3,98,-118.0,1558.0,731.8934561488904,-141.51200544901326
3,99,-185.0,4020.16,1592.6353224367863,-216.44188657604715
4,0,-0.0,0.0,0.0,-0.0
4,1,-0.0,0.0,0.0,-0.0
4,2,-0.0,0.0,0.0,-0.0
4,3,-0.0,0.0,0.0,-0.0
4,4,-0.0,0.0,0.0,-0.0
4,5,-25.0,149.36,85.40272999149384,-35.09962896370824
4,6,-263.0,6578.0,2723.993940228278,-321.53592911200735
4,7,-280.0,4925.44,2665.622577400632,-281.4152578869486
4,8,-25.0,233.44,103.62713995817214,-43.926892277791964
4,9,-32.0,332.56,151.91521325048703,-34.83741979636782
4,10,-234.0,643.8399999999999,2323.661943898107,-241.95171428412795
4,11,-44.0,4.96,244.82581872090003,-60.4983785103501
4,12,-36.0,48.959999999999994,190.86075168584657,-42.097964962325015
4,13,-183.0,450.56000000000006,1499.4069231884287,-209.03128789894666
4,14,-148.0,205.03999999999996,957.4013153544623,-200.50478525531105
4,15,-225.0,1114.8,2441.959526314209,-242.04004379179625
4,16,-261.0,1033.3600000000001,2484.6315054803904,-297.2401926926836
4,17,-27.0,41.44000000000001,91.99795932519373,-34.02112677718901
4,18,-139.0,632.64,1212.6869266861152,-207.97617533638123
4,19,-112.0,309.84000000000003,717.2928283843343,-107.71466788954737
4,20,-14.0,74.64000000000001,0.0,-30.605575212673312
4,21,-4.0,36.0,0.0,-6.271261670209107
4,22,-216.0,6322.639999999999,1890.198238347995,-290.73670607071296
4,23,-256.0,8947.439999999999,2360.457235543154,-230.71568769902726
4,24,-41.0,99.36000000000001,99.25434971815943,-48.54117683864221
4,25,-224.0,1793.44,1936.3317353139205,-321.41162838973275
4,26,-249.0,3369.84,2284.236276726384,-284.5168210366947
4,27,-262.0,1496.96,2449.7868044745146,-315.57731715196593
4,28,-0.0,0.0,0.0,-0.0
4,29,-0.0,0.0,0.0,-0.0
4,30,-239.0,13973.2,1636.2906272263622,-273.12852021655056
4,31,-227.0,2819.84,2139.0796110184215,-306.7100996902278
4,32,-257.0,6425.4400000000005,2686.316811964696,-254.06264576140765
4,33,-173.0,11926.560000000001,1313.9000118095912,-195.2387092116097
4,34,-160.0,12553.039999999999,1255.9587941719703,-183.13799737480414
4,35,-244.0,1010.96,2429.8190764733854,-237.60984203746756
4,36,-224.0,10223.359999999999,2063.577925725798,-288.4708507276637
4,37,-173.0,10749.039999999999,1401.1970880755698,-267.23726050860466
4,38,-178.0,13561.440000000002,1195.7624517190484,-219.67315346936297
4,39,-112.0,8748.64,957.7069017743779,-152.90080640321716
4,40,-69.0,2658.2400000000007,319.91556694263915,-68.0398511329553
4,41,-251.0,5009.2,2396.6875510505565,-250.27662513794218
4,42,-151.0,6898.4,1040.6812259560356,-202.466179988332
4,43,-204.0,1414.16,1959.1138329000662,-255.94549884236727
4,44,-58.0,653.36,287.6835761235046,-57.91838421805389
4,45,-32.0,512.96,130.91009475462158,-39.178938329274956
4,46,-181.0,9766.960000000001,1382.2839384512636,-230.13654931289653
4,47,-126.0,2027.6,823.2085841848882,-123.94066458989084
4,48,-236.0,6189.039999999999,2091.8535769395826,-277.51233785626056
4,49,-244.0,3203.04,2271.9882004334286,-245.1941312637662
4,50,-43.0,1130.8,306.48736693110993,-82.40270999095321
4,51,-60.0,393.84,202.7592064377343,-47.70406624955441
4,52,-96.0,1164.96,769.1251327392832,-111.03945809546441
4,53,-171.0,5223.04,1120.5251197191294,-159.5848339492544
4,54,-89.0,3420.8,445.5871041000819,-106.8396031717008
4,55,-123.0,2258.1600000000003,927.7994134636199,-134.163027811492
4,56,-52.0,842.1600000000001,246.94272445204743,-77.79930815247712
4,57,-220.0,973.36,2214.5410290651052,-293.1289756118885
4,58,-214.0,3838.56,1889.586319827346,-275.8338062591362
4,59,-111.0,5850.159999999999,705.9264657218343,-131.3346664328763
4,60,-13.0,100.23999999999998,0.0,-33.74905276925201
4,61,-192.0,4604.24,1537.605895380026,-214.19038995304174
4,62,-134.0,4178.5599999999995,933.3426910257504,-131.39785627743476
4,63,-137.0,7339.44,1031.8348025260789,-170.5823350417164
4,64,-149.0,3812.5600000000004,1156.7419730650104,-173.92884954041443
4,65,-140.0,3048.5600000000004,1240.7980902931606,-204.6833109855139
4,66,-195.0,5041.039999999999,1724.645015858227,-231.92101013627578
4,67,-104.0,1517.3600000000001,535.6469118061813,-116.30989288854252
4,68,-21.0,216.16000000000003,35.486018105727226,-42.048950154973504
4,69,-154.0,7858.4,1086.7991320626966,-186.043013098509
4,70,-120.0,1110.16,896.5135169077726,-141.26572597729452
4,71,-185.0,8011.76,1545.911866546352,-220.26351225811305
4,72,-188.0,3577.6,1489.8693615905024,-218.64993437462942
4,73,-167.0,7712.4,1105.1165690635162,-179.40052855456014
4,74,-200.0,2827.44,1675.522253266986,-223.51706190139765
4,75,-114.0,3940.8,1010.4342233794215,-167.12648852497972
4,76,-100.0,857.36,564.174484587047,-94.42682289526337
4,77,-162.0,2967.7600000000007,1447.9564192253945,-195.95512157314326
4,78,-48.0,476.23999999999995,168.9875022751245,-71.40881225472283
4,79,-220.0,7580.24,1764.801389616046,-243.06776223012926
4,80,-232.0,4958.4,2116.3884815040524,-273.1335043600926
4,81,-85.0,649.84,642.8439812716841,-103.8903977817902
4,82,-176.0,10134.8,1370.661680541079,-188.93378469148166
4,83,-212.0,1271.7599999999998,1809.189590677165,-240.86362451591168
4,84,-74.0,3763.6,345.010309966884,-99.4355758632913
4,85,-181.0,8530.16,1661.7671427014245,-248.04314272536928
4,86,-76.0,3699.7599999999998,404.46404743621963,-112.2073138252053
4,87,-209.0,10011.439999999999,1798.899811287161,-258.8201276954442
4,88,-192.0,3982.6400000000003,1568.399975443819,-212.35930949376427
4,89,-79.0,789.0400000000001,339.61705498047,-89.96037704921241
4,90,-171.0,5598.160000000001,1411.2063459355074,-228.9866891648916
4,91,-85.0,1793.0400000000002,458.19174124131035,-70.42399155600398
4,92,-118.0,1986.64,852.2524308864608,-150.0784377365871
4,93,-110.0,2015.0400000000002,673.0522732847893,-147.40107965397567
4,94,-242.0,1821.36,2204.6607019648754,-265.27152585624384
4,95,-171.0,8635.839999999998,1279.911459667134,-208.1826986310001
4,96,-238.0,1601.44,2149.135145039535,-259.9253273867178
4,97,-79.0,2055.0400000000004,532.5579168456354,-95.0656197102881
4,98,-9.0,98.8,0.0,-22.427055211005904
4,99,-8.0,57.760000000000005,0.0,-8.876710899674816
5,0,-0.0,0.0,0.0,-0.0
5,1,-0.0,0.0,0.0,-0.0
5,2,-0.0,0.0,0.0,-0.0
5,3,-0.0,0.0,0.0,-0.0
5,4,-0.0,0.0,0.0,-0.0
5,5,-228.0,1554.64,2359.5164900749596,-265.55499311776737
5,6,-253.0,2000.0,2243.05579873798,-280.86827547680673
5,7,-31.0,66.16,79.95808755216699,-43.415515849880364
5,8,-245.0,2014.1599999999999,2313.7220763559026,-300.29064914426164
5,9,-53.0,58.959999999999994,119.41566582739469,-30.252499898982016
5,10,-31.0,21.04,76.35822442278238,-35.06734368474504
5,11,-191.0,594.64,1612.4335326453026,-221.7762053092397
5,12,-207.0,496.96000000000004,2146.5183318935146,-255.6378688454493
5,13,-139.0,342.4,1274.8679084066403,-148.34736560696936
5,14,-105.0,114.4,563.7106956909446,-110.43585313360084
5,15,-21.0,77.2,0.0,-27.847749509060574
5,16,-26.0,11.04,0.0,-25.56383895284967
5,17,-233.0,8814.16,2171.2406331333623,-312.43736187140564
5,18,-164.0,16820.16,1108.8802364315288,-183.59197582668716
5,19,-33.0,98.64000000000001,0.0,-19.88221097847689
5,20,-20.0,78.63999999999999,50.887737226172675,-41.896581778344796
5,21,-255.0,3524.56,2275.2323111283017,-269.90290774516336
5,22,-240.0,3614.96,2401.6870467008976,-299.3121125188482
5,23,-232.0,4436.64,2139.0213702229016,-236.92326733189057
5,24,-0.0,0.0,0.0,-0.0
5,25,-0.0,0.0,0.0,-0.0
5,26,-229.0,2233.36,1993.1488711159766,-298.88326277961437
5,27,-239.0,1698.8,2085.0816429555666,-215.96625238123826
5,28,-231.0,1466.96,2349.8652874457384,-233.4015421320897
5,29,-120.0,9994.96,541.6194727670934,-121.42365342080905
5,30,-159.0,9278.96,1075.4215806385005,-180.96117372259656
5,31,-27.0,158.96,0.0,-18.667425632893316
5,32,-126.0,8151.840000000001,972.1314331940789,-151.30996256414193
5,33,-184.0,7508.160000000001,1521.4918212272296,-240.8981590987891
5,34,-155.0,5395.44,1159.0031680777251,-201.01318733836746
5,35,-133.0,5785.04,864.4079134956771,-151.23808256137113
5,36,-188.0,4156.64,1279.8363903545157,-225.02902299912245
5,37,-162.0,6323.759999999999,1075.6415931276488,-174.58734391356037
5,38,-211.0,1784.5600000000002,1857.6172907477273,-268.6763362263503
5,39,-216.0,1504.56,2204.178980333559,-261.31626799590697
5,40,-218.0,6919.039999999999,1740.6012179938061,-256.1964967384562
5,41,-215.0,3374.8,1959.2745546013941,-286.22935275687405
5,42,-173.0,4700.96,1699.4383361865391,-253.7115633788075
5,43,-118.0,3303.84,686.7946613579197,-141.58778783513267
5,44,-194.0,3757.3599999999997,1620.0060490730773,-183.0914353426966
5,45,-177.0,2721.44,1467.8859478963218,-207.03234654127746
5,46,-208.0,2334.16,1755.6150070200329,-273.0864474121786
5,47,-114.0,6441.360000000001,810.6070730909616,-163.65665073464947
5,48,-103.0,1006.0,602.6329000566445,-132.4541932851321
5,49,-152.0,5040.24,1162.5713754583744,-210.13249319413947
5,50,-222.0,1276.56,2131.3499911673466,-256.62270005405924
5,51,-171.0,7685.839999999999,1229.2702152315871,-179.77039994194507
5,52,-180.0,1955.3600000000001,1390.4223197730066,-192.20212760181914
5,53,-185.0,3049.3599999999997,1341.1517728564424,-179.45264916383073
5,54,-206.0,1812.9599999999998,2070.9807632943575,-278.0200523312835
5,55,-118.0,864.1600000000001,759.4345002257802,-136.52543789706564
5,56,-164.0,1350.8,1581.6724370508246,-184.57639987359659
5,57,-38.0,299.44,111.31668785959292,-43.168728482873135
5,58,-112.0,3496.2400000000002,856.9978953229411,-142.35553660231142
5,59,-73.0,1877.7599999999998,253.06958513782638,-85.41131566292992
5,60,-144.0,2010.8,1036.1508229518347,-216.55365823483606
5,61,-199.0,1437.8400000000001,1938.3644162871954,-247.26564841801752
5,62,-91.0,442.16,582.2665604209694,-111.942571903376
5,63,-53.0,283.44,154.64529959586372,-52.37570555730205
5,64,-62.0,383.6,286.0202154923982,-91.84905497520413
5,65,-170.0,2833.84,1333.0215590412013,-162.3228209479542
5,66,-51.0,325.36,308.6579856714299,-69.31768484699839
5,67,-137.0,701.4399999999999,1238.8722903509731,-165.60775599858712
5,68,-124.0,5187.6,905.6636620693298,-149.24286754385767
5,69,-85.0,2219.04,437.48959582731607,-120.44581728517473
5,70,-43.0,169.76,72.07382799602085,-35.075263637278745
5,71,-99.0,1003.4399999999999,465.11217559911586,-99.24457615306773
5,72,-109.0,3689.3599999999997,482.5098588777449,-130.97448044054735
5,73,-229.0,2019.6,2294.804674426082,-245.7484513763944
5,74,-140.0,4405.36,972.1708409248506,-180.4667706965448
5,75,-33.0,398.56,20.741410487235434,-23.294412243223753
5,76,-211.0,4195.6,1403.2531905367505,-214.13711181459396
5,77,-201.0,914.8,2026.2074565404216,-243.62407344270957
5,78,-96.0,477.03999999999996,382.9102520184627,-110.57820559599342
5,79,-207.0,6746.960000000001,1695.5000689316653,-250.82944747183024
5,80,-78.0,630.1600000000001,223.39748803864657,-71.6612019524224
5,81,-42.0,148.0,49.785822821361506,-27.54268134356385
5,82,-225.0,1629.0400000000002,2332.9504378187107,-241.84544798600533
5,83,-98.0,1393.04,415.0666382291153,-105.56110388423535
5,84,-207.0,1120.56,1675.0024584260877,-230.27322460980787
5,85,-119.0,2623.04,771.9468597505136,-124.88853640788713
5,86,-89.0,2052.6400000000003,371.6214954513719,-88.8711549908993
5,87,-80.0,726.8,346.222600944278,-77.10165313619689
5,88,-121.0,5156.0,922.1267691752001,-173.70344973224366
5,89,-152.0,2549.04,1028.50419477551,-182.79320856729186
5,90,-129.0,1366.24,992.6524986187392,-195.84843732326374
5,91,-192.0,1759.36,1487.064755113978,-226.7084569913783
5,92,-59.0,66.64000000000001,172.78501349578028,-55.62418637677807
5,93,-108.0,2458.8,980.3831145199116,-158.0286974309023
5,94,-69.0,627.4399999999999,193.83521404231104,-75.55337864824719
5,95,-56.0,218.16,181.85999804941653,-63.14039439920562
5,96,-66.0,958.5599999999998,179.64110383756667,-61.53765963648885
5,97,-83.0,1222.8,322.19358378686707,-82.24011976052176
5,98,-30.0,69.03999999999999,41.493644477196746,-36.46291969252856
5,99,-122.0,2048.96,960.736600927905,-155.78180983796662
6,0,-0.0,0.0,0.0,-0.0
6,1,-0.0,0.0,0.0,-0.0
6,2,-0.0,0.0,0.0,-0.0
6,3,-0.0,0.0,0.0,-0.0
6,4,-0.0,0.0,0.0,-0.0
6,5,-29.0,88.24000000000001,57.45920376862023,-39.5939335251776
6,6,-270.0,4926.64,2311.1137585143674,-330.2117134193287
6,7,-268.0,3145.3599999999997,2292.773113061753,-344.26385245759207
6,8,-298.0,4516.16,3222.8392625407855,-286.8458640120949
6,9,-316.0,4709.360000000001,3126.9943943035173,-298.75041338839515
6,10,-252.0,902.5600000000001,2076.7880163022137,-281.23071262278876
6,11,-282.0,872.4,2708.2009912732556,-313.90438251365543
6,12,-132.0,23.76,757.190937181622,-154.81086299496295
6,13,-295.0,488.0,2720.1612191333606,-287.98721102223556
6,14,-62.0,53.04,254.6216353198672,-57.580024548163784
6,15,-317.0,7262.640000000001,3114.4644759851153,-362.792708621284
6,16,-166.0,26233.6,1074.3110597771106,-177.54368211763583
6,17,-4.0,36.0,0.0,-9.795449510704671
6,18,-9.0,70.55999999999999,0.0,-6.261624829105271
6,19,-244.0,24207.760000000002,2030.7469084467662,-281.5735683925832
6,20,-35.0,49.44000000000001,75.78893225926858,-24.831052240947805
6,21,-33.0,94.96,131.70083663650556,-31.074531379575635
6,22,-285.0,1380.16,2559.903111279697,-337.5132238431354
6,23,-299.0,2242.8,2714.838677332064,-279.2467339911129
6,24,-9.0,70.55999999999999,0.0,-6.062631047924788
6,25,-4.0,36.0,0.0,-7.1406703602099775
6,26,-160.0,14275.36,1133.426117723092,-199.49294642472765
6,27,-289.0,5419.6,2337.996259558014,-340.30532141769856
6,28,-306.0,1850.2400000000002,3245.8295989350677,-275.787603339156
6,29,-312.0,4380.56,2862.083307029352,-271.09390196930195
6,30,-291.0,8098.56,2453.310987071414,-337.06067962671904
6,31,-112.0,11106.8,670.3841290265786,-128.01712480434782
6,32,-136.0,2064.2400000000002,1089.4166308038843,-190.46431224679785
6,33,-261.0,12662.960000000001,2107.6029464738654,-296.706825488555
6,34,-152.0,6398.16,1104.2543204735607,-219.78897317027344
6,35,-201.0,12812.960000000001,1444.6698258096353,-257.38948265967196
6,36,-295.0,3401.04,2760.277900932449,-255.46372643410282
6,37,-277.0,2712.64,2131.564739832553,-319.74334530982145
6,38,-127.0,4114.4,867.2989639863804,-182.77736694303726
6,39,-175.0,7165.840000000001,1175.0160734435217,-229.378446418101
6,40,-300.0,2184.2400000000002,2936.3549987665688,-260.7135099720734
6,41,-199.0,5872.4,1244.6315181394998,-246.36835773320144
6,42,-295.0,3994.6400000000003,3098.69537668128,-290.4397586142739
6,43,-254.0,3511.84,1974.6478182118321,-303.008202830564
6,44,-265.0,2512.96,2254.5264583700036,-237.11018205138816
6,45,-212.0,2695.7599999999993,1826.778147304891,-279.6205910810545
6,46,-91.0,4506.16,636.2968417228885,-132.6938462083641
6,47,-181.0,983.2,1455.1151607359548,-167.38932611292077
6,48,-216.0,5000.56,1715.9346069730416,-296.9665736592309
6,49,-30.0,150.4,78.23953227109682,-35.21447428174989
6,50,-225.0,3265.76,1624.6052313433102,-267.842023463411
6,51,-37.0,246.96000000000004,107.5947073655583,-25.78096954609659
6,52,-244.0,5098.16,1906.8148873594882,-233.73873476440528
6,53,-194.0,4254.8,1345.3512610289192,-252.7163272297536
6,54,-100.0,4993.6,563.1544147340103,-108.97253833397308
6,55,-82.0,1370.24,545.7630281798022,-95.81484982333828
6,56,-114.0,7019.2,699.8874821069702,-144.5286191507847
6,57,-205.0,2490.96,1537.9147501652621,-204.94747587658946
6,58,-295.0,3633.44,2811.7112467142674,-266.03657108775974
6,59,-282.0,3071.7599999999998,2213.442908859897,-330.0445949974869
6,60,-121.0,5309.839999999999,718.8216919766103,-153.3106839925656
6,61,-121.0,1202.96,735.5363388483034,-123.32312060805485
6,62,-171.0,2303.44,1383.9950478259932,-200.69718254795885
6,63,-237.0,5779.6,1687.1414667579534,-302.4953137779433
6,64,-87.0,2945.2,580.5496071435429,-103.2593111319524
6,65,-44.0,253.35999999999999,22.39389213153627,-45.28249971208989
6,66,-166.0,1619.3600000000001,1205.5883464142478,-185.286293274695
6,67,-158.0,198.4,827.0830836206615,-177.89426759777578
6,68,-237.0,2615.04,1859.9697589381715,-225.15178765230462
6,69,-233.0,2377.7599999999998,2051.9263459511512,-328.3494318210591
6,70,-101.0,4527.44,490.7097006832084,-78.8125871971101
6,71,-243.0,453.0400000000001,1902.3209172580255,-285.2287168982467
6,72,-183.0,6761.44,1149.5873289331473,-212.0952167584605
6,73,-134.0,156.0,846.1252694077291,-141.08894050155254
6,74,-71.0,289.84000000000003,375.05743694345915,-53.68979160064882
6,75,-235.0,1272.56,2103.9687126727745,-309.16176512661735
6,76,-184.0,2860.8,1307.178309532858,-214.1967918210314
6,77,-203.0,602.8,1556.5665991198407,-209.49434106178865
6,78,-55.0,760.24,438.15823263000914,-82.17859883023648
6,79,-78.0,1800.8,459.7148391151036,-98.62797481662452
6,80,-109.0,3166.6399999999994,607.5248084539262,-114.71827719172242
6,81,-283.0,3940.6400000000003,2274.291903562398,-293.3850974692794
6,82,-189.0,770.4,1455.2989296249918,-220.58250946812592
6,83,-60.0,441.43999999999994,414.9173546566522,-67.7848577236967
6,84,-231.0,1237.36,2023.4979688508736,-306.7802155722861
6,85,-5.0,70.55999999999999,0.0,-9.122768946448254
6,86,-63.0,1087.2,268.12738910999985,-55.59293226267711
6,87,-63.0,1011.76,486.9825079300466,-90.35216953107626
6,88,-38.0,68.64,214.70021805973775,-60.82130980923141
6,89,-73.0,1870.8,328.38512958900975,-71.80520772222522
6,90,-22.0,196.16000000000003,17.164468678057005,-33.44510723617671
6,91,-112.0,400.24,811.1448297910182,-107.73019276776462
6,92,-51.0,211.2,143.32690361806473,-28.249249527614484
6,93,-104.0,203.6,604.880733207095,-117.92319417232974
6,94,-41.0,122.0,135.5317951651715,-49.513940765912174
6,95,-185.0,334.24,1604.3202983643139,-186.0219698289858
6,96,-122.0,2213.84,729.4208145641655,-149.12440657516373
6,97,-47.0,844.2400000000001,219.28745076859371,-58.47625281602797
6,98,-291.0,1077.44,2283.2495386558658,-335.61082690539274
6,99,-23.0,78.24,0.0,-32.0239041178518
7,0,-27.0,118.64000000000001,0.0,-21.4209703843239
7,1,-0.0,0.0,0.0,-0.0
7,2,-277.0,9713.6,2054.4521172898462,-339.1957228833033
7,3,-283.0,8504.0,2137.2809208042017,-283.73758628805444
7,4,-0.0,0.0,0.0,-0.0
7,5,-43.0,22.64,31.92998167866684,-37.797968369836184
7,6,-303.0,3036.96,2406.5092716447225,-332.2502269441841
7,7,-289.0,4986.8,2220.026609002684,-265.4615320918004
7,8,-318.0,2773.4399999999996,2661.7601605012896,-323.097802315151
7,9,-123.0,1157.2,832.4461889063529,-131.3010215903182
7,10,-43.0,22.64,47.01319748751408,-42.894865315262344
7,11,-297.0,731.76,2333.4099759197616,-317.4414579475392
7,12,-304.0,665.4399999999999,2694.5388999963034,-314.7365403578992
7,13,-208.0,415.43999999999994,1484.0963130481236,-199.06587573505664
7,14,-149.0,277.84000000000003,924.2809618843901,-151.03325278445465
7,15,-48.0,98.0,145.09270812219444,-48.85900069458683
7,16,-46.0,102.24,199.10775708887007,-64.8630625960108
7,17,-302.0,1247.6,2802.765867557728,-291.44837767313936
7,18,-317.0,1740.2400000000002,2424.5843228412105,-282.357816264261
7,19,-0.0,0.0,0.0,-0.0
7,20,-314.0,2914.96,2430.4952050300394,-283.89179558444835
7,21,-284.0,1562.96,1971.5287191562074,-338.40097221194304
7,22,-222.0,12581.359999999999,1573.8302351177817,-206.65479563286408
7,23,-303.0,4492.96,2943.1885244807263,-301.95550872782997
7,24,-266.0,9528.64,1919.2198164383412,-312.92798446642524
7,25,-152.0,8111.4400000000005,957.3367354637641,-168.0819159547442
7,26,-226.0,6633.839999999999,1566.283746539019,-205.08740296387035
7,27,-294.0,2788.64,2650.211465786831,-295.10282811447985
7,28,-275.0,3007.36,1841.1171227298998,-234.92000160152625
7,29,-291.0,3756.2399999999993,2121.7697677075635,-246.12614464321643
7,30,-217.0,5787.84,1695.0086071631395,-264.8451206894384
7,31,-164.0,4024.2400000000002,723.3495841751582,-156.24982162034541
7,32,-118.0,2003.4399999999998,696.2036795646986,-141.6332659324806
7,33,-32.0,329.0400000000001,31.381696273464886,-33.10368420822815
7,34,-197.0,2171.76,1257.4232355557783,-229.86241509418602
7,35,-129.0,223.76000000000005,628.6662376935682,-124.82812987187533
7,36,-295.0,1359.0400000000002,2538.085251943384,-277.12046854799485
7,37,-158.0,5173.04,957.8558619087,-180.118997325987
7,38,-164.0,2552.6400000000003,865.51198801489,-148.83191712075856
7,39,-142.0,2168.2400000000002,727.829174550699,-186.18315190603425
7,40,-301.0,3319.7599999999998,2401.7512739257268,-317.4136005934623
7,41,-244.0,3421.84,1577.479444408257,-194.63998078147853
7,42,-238.0,2614.16,1598.51526082136,-239.67417250107883
7,43,-41.0,191.44,87.49378278483564,-24.35829677613792
7,44,-124.0,86.4,522.7384229806235,-106.74581916371427
7,45,-9.0,46.239999999999995,0.0,-9.906013862571058
7,46,-287.0,1629.3600000000001,2067.5484675186017,-253.2259095944767
7,47,-51.0,34.64,135.56912578696785,-56.48798816654974
7,48,-178.0,648.24,1373.6432852273992,-221.9994136317337
7,49,-103.0,2146.64,477.04564518247884,-82.34212297245162
7,50,-185.0,1983.7599999999998,1008.0662146968796,-149.10095702451255
7,51,-203.0,2653.7599999999998,1310.5441015545748,-226.35546252516068
7,52,-25.0,146.56,0.0,-19.483713344493736
7,53,-98.0,2878.96,548.5687721526972,-119.63017983413144
7,54,-150.0,528.8,1050.3518185291575,-136.73595644681853
7,55,-212.0,5138.0,1471.8482381387494,-220.4683487432309
7,56,-198.0,4814.0,1023.4537280462961,-182.19600296750602
7,57,-202.0,1220.16,1524.5380944913045,-216.78822638690332
7,58,-76.0,258.64,280.2251959384487,-67.36151565999991
7,59,-214.0,6180.5599999999995,1502.3952940659979,-224.99513612745355
7,60,-170.0,3226.56,1036.8613177725033,-155.93092470595025
7,61,-219.0,3240.6400000000003,1127.986859568726,-220.42386297294095
7,62,-256.0,2745.3600000000006,1959.403933777732,-291.28744239116077
7,63,-308.0,3597.7600000000007,2243.6538559317514,-261.0799838741289
7,64,-297.0,1809.36,2220.987911394217,-267.2050450580747
7,65,-252.0,347.36,1672.8382141101367,-261.0458549292406
7,66,-136.0,800.2400000000001,900.3831235890705,-143.57393010393633
7,67,-81.0,775.76,367.36595952246887,-99.21684252452026
7,68,-65.0,547.4399999999999,165.01285131356371,-42.24259813852188
7,69,-181.0,511.0400000000001,1103.0145252765865,-197.3613366181881
7,70,-45.0,300.24,85.31908522813184,-45.29747410606238
7,71,-268.0,6311.4400000000005,1916.3069153174742,-268.92588561211426
7,72,-263.0,371.2,1717.4570117176304,-266.6870043519313
7,73,-239.0,2256.4,1644.7031073391972,-235.33582835209657
7,74,-90.0,123.43999999999998,514.0352895471445,-92.48211139468054
7,75,-53.0,1090.8,194.8875826013229,-49.24129110504252
7,76,-138.0,928.24,949.248553540769,-151.2079486984673
7,77,-85.0,812.9599999999999,399.088679840174,-84.35784883916762
7,78,-59.0,712.16,306.0424253894393,-70.48019646247012
7,79,-281.0,974.1600000000001,1992.1604698107872,-266.68749719497
7,80,-145.0,946.8,1085.154109220188,-168.18354434997087
7,81,-84.0,598.96,445.2864491640009,-116.67760443212873
7,82,-285.0,1539.8400000000001,2299.2481913429237,-285.72270849577245
7,83,-56.0,277.76,216.43063786388893,-52.737272195172594
7,84,-156.0,1000.2400000000001,1022.8188175972964,-174.73546926196613
7,85,-261.0,2040.8,1903.672022460144,-268.7105009883549
7,86,-4.0,36.0,0.0,-5.226562847668189
7,87,-28.0,366.4,14.121839292386806,-15.342194552982171
7,88,-287.0,1821.0400000000002,2349.910991169303,-296.74422743499906
7,89,-72.0,396.64,499.25266702782034,-94.64002211475369
7,90,-305.0,2396.4,2401.710297073018,-285.54383316495
7,91,-267.0,74.55999999999999,2473.5379729332853,-231.3858611117785
7,92,-99.0,1039.04,428.893009850912,-88.58428201112736
7,93,-303.0,1343.44,2335.5095007986783,-271.3259086605221
7,94,-70.0,638.9599999999999,365.90211126050025,-78.14162559430505
7,95,-61.0,192.56,326.9513018097444,-78.47099936867193
7,96,-203.0,2212.1600000000003,1435.4567203058384,-217.14640333838886
7,97,-67.0,572.24,256.8029026452941,-69.62328872696955
7,98,-102.0,2156.96,615.9985457658707,-117.66211742990289
7,99,-293.0,1470.4,2407.0033316836866,-313.9512030657427
8,0,-0.0,0.0,0.0,-0.0
8,1,-0.0,0.0,0.0,-0.0
8,2,-0.0,0.0,0.0,-0.0
8,3,-0.0,0.0,0.0,-0.0
8,4,-0.0,0.0,0.0,-0.0
8,5,-262.0,1933.2,2698.10629414261,-250.9612475796364
8,6,-238.0,2467.04,2465.154689067194,-295.62841596187275
8,7,-234.0,1593.04,2539.8745200356434,-329.8523747414215
8,8,-27.0,49.040000000000006,64.60977954613372,-21.40847495981796
8,9,-89.0,516.6400000000001,758.0930656416145,-84.95955133068098
8,10,-32.0,88.64000000000001,0.0,-23.764199759323475
8,11,-25.0,13.039999999999997,0.0,-28.09347863196498
8,12,-37.0,500.8,35.776510647002475,-20.23740188566462
8,13,-222.0,5407.4400000000005,2007.9300882083655,-315.95698900760607
8,14,-241.0,5603.44,2449.043693390981,-279.3231487018133
8,15,-32.0,61.760000000000005,168.7589924327335,-45.52235849010569
8,16,-241.0,693.84,2194.795939968235,-348.97308599679945
8,17,-249.0,525.2,2183.216159845676,-345.50525108327867
8,18,-109.0,319.36,1108.708896659323,-127.02274955571777
8,19,-158.0,306.64,1583.2912788128883,-184.78166999452534
8,20,-37.0,122.96000000000001,102.05514934528459,-53.83908438722877
8,21,-196.0,4857.039999999999,2270.5409263399597,-306.02773838731713
8,22,-278.0,2685.3599999999997,2538.8241282620684,-303.015468367592
8,23,-12.0,153.76000000000005,72.9697925514387,-17.342224500210364
8,24,-0.0,0.0,0.0,-0.0
8,25,-0.0,0.0,0.0,-0.0
8,26,-245.0,870.8,2769.900571412108,-285.1078492292364
8,27,-261.0,1509.2,2589.3068591748083,-286.93086628489294
8,28,-258.0,4480.5599999999995,2342.314856282075,-356.9505155432519
8,29,-119.0,17803.2,652.8234259069683,-130.7552974621335
8,30,-108.0,12375.04,494.9621071276191,-133.45177715909782
8,31,-162.0,9495.759999999998,1216.6540342569313,-169.89790342243327
8,32,-231.0,2270.96,2337.2399635644024,-304.39480160673287
8,33,-193.0,8581.36,1513.9694382021944,-207.6849977016294
8,34,-239.0,1007.2,2183.7946677473315,-259.8511736521208
8,35,-29.0,237.36000000000004,192.88306312531356,-35.45513191310981
8,36,-135.0,7498.24,870.8339188565119,-128.02222691042292
8,37,-232.0,6974.640000000001,1913.8162684149274,-255.2409420942005
8,38,-167.0,5596.8,1151.7860910174215,-153.61361610374712
8,39,-209.0,6998.56,1817.9429649296421,-241.96914384546108
8,40,-226.0,4734.16,2107.580528017014,-279.46783025645885
8,41,-67.0,2455.44,298.62213422264307,-90.16369597184233
8,42,-10.0,15.76,0.0,-21.56736141614955
8,43,-190.0,638.6400000000001,1986.6381121183445,-235.8245910929201
8,44,-113.0,2950.6400000000003,781.833793649507,-160.17302480593048
8,45,-254.0,2786.2400000000002,2491.7725254161137,-297.48997668450613
8,46,-156.0,4044.56,1087.4158145572048,-190.01755909503518
8,47,-126.0,6296.96,933.9944084799226,-177.6183570263688
8,48,-200.0,1754.0,1579.7694303625663,-223.59867505490578
8,49,-221.0,1498.56,2413.844087789871,-302.81053672393955
8,50,-230.0,3753.84,2327.9094408396613,-271.4581600420531
8,51,-217.0,2104.16,2119.63406523853,-275.0062014261583
8,52,-188.0,4932.160000000001,1656.481043260452,-268.86107606809026
8,53,-149.0,3014.96,1136.6074849054498,-174.29956297174454
8,54,-83.0,1960.0,474.536272110976,-99.14708104883914
8,55,-251.0,1195.84,2523.113786622292,-264.5011871815453
8,56,-36.0,395.2,156.38664674033697,-48.33452146773166
8,57,-179.0,3445.8399999999992,1411.9457270273076,-239.0754996227208
8,58,-205.0,1097.04,1762.0739878784739,-247.2921576213324
8,59,-162.0,2379.6,1483.2587553786827,-226.9848869555669
8,60,-78.0,581.04,347.9183400109032,-76.47532603101354
8,61,-19.0,41.36000000000001,0.0,-13.536329910703621
8,62,-110.0,4344.64,718.1751926584246,-150.5140969917006
8,63,-70.0,446.64000000000004,408.8220684751577,-69.40664598646792
8,64,-184.0,826.96,1534.1418397392986,-233.60979292112157
8,65,-164.0,669.8399999999999,1337.6779280536518,-183.14397441573277
8,66,-93.0,3517.2,700.4055406595149,-144.57649008066727
8,67,-40.0,1198.2400000000002,136.49212915918693,-40.8870518605036
8,68,-141.0,4925.039999999999,1287.1093092829053,-199.44057527989793
8,69,-181.0,4769.2,1421.0394148888909,-213.42479079919758
8,70,-204.0,6754.240000000001,1745.3569991810828,-284.348244880601
8,71,-25.0,302.56,59.619077635981235,-39.14819441011819
8,72,-172.0,7185.839999999999,1224.8797725210784,-192.41511578728273
8,73,-106.0,1358.56,946.0856313713546,-118.93562237504091
8,74,-171.0,6012.5599999999995,1244.6356909729761,-209.74378138233678
8,75,-15.0,279.44,93.08406389925184,-18.29023711624645
8,76,-224.0,910.96,2150.262421354092,-295.8838623425684
8,77,-153.0,6013.76,1075.7775058428967,-138.8517922117071
8,78,-139.0,7226.8,1049.1318571177285,-167.96911672993787
8,79,-134.0,6450.639999999999,997.5427895765334,-173.45979247918703
8,80,-72.0,1769.0399999999997,374.7883791454682,-94.37874014737262
8,81,-98.0,2240.96,748.580013453171,-83.80707297343494
8,82,-198.0,1137.2,1716.0229002263463,-239.99648625258584
8,83,-132.0,1226.16,1375.0869553030313,-202.06060611723282
8,84,-135.0,9047.84,1042.5575296389802,-172.96096079691085
8,85,-129.0,1611.76,1183.8493564439862,-127.28812949499559
8,86,-220.0,2378.0,1874.1164253618304,-266.78287428826576
8,87,-140.0,3722.9600000000005,1316.4033876930264,-219.01206349698904
8,88,-123.0,5107.2,835.7057176321417,-120.33392501474977
8,89,-102.0,9231.2,624.596650903512,-124.91298061897888
8,90,-94.0,2485.04,595.737748390814,-109.18398637115638
8,91,-89.0,2628.6400000000003,554.0029030885828,-94.08200810054245
8,92,-152.0,5155.76,1117.3948335941786,-201.5634260236574
8,93,-45.0,854.2400000000001,152.30179890477362,-54.80937357016426
8,94,-17.0,176.64,35.630401850105486,-14.476948221697606
8,95,-53.0,243.44,186.25366656488603,-66.98222404251624
8,96,-59.0,62.56,330.228246505832,-59.10018999856256
8,97,-56.0,474.96000000000004,302.41959462848615,-56.92865144220656
8,98,-103.0,2684.24,860.7001403879418,-83.64772797922923
8,99,-108.0,1318.5599999999997,790.5227824591624,-79.03224330905167
